Item Name,Quantity
Syr Konrad // the Grim,1
Harmonize,1
Return of the Wildspeaker,1
Sakura-Tribe Elder,1
Victimize,1
Cursed Mirror,1
Command Tower,1
Yavimaya Coast,1
Diluvian Primordial,1
Windfall,1
Feed the Swarm,1
Fetid Pools,1
The Wise Mothman,1
The Master // Transcendent,1
Mirelurk Queen,1
Screeching Scorchbeast,1
Raul // Trouble Shooter,1
Fraying Sanity,1
Arcane Signet,1
Drowned Catacomb,1
Hinterland Harbor,1
Tainted Isle,1
Woodland Cemetery,1
Massacre Wurm,1
Overseer of the Damned,1
Ravenous Chupacabra,1
Aftermath Analyst,1
Fellwar Stone,1
Talisman of Curiosity,1
Putrefy,1
Golgari Signet,1
Anim Pakal // Thousandth Moon,1
Nephalia Drownyard,1
Intruder Alarm (Showcase),1
Court of Embereth,1
Bramble Familiar // Fetch Quest,1
Cruel Somnophage // Can't Wake Up,1
Island,1
Island,1
Island,1
Island,1
Island,1
Island,1
Island,1
Sidisi // Brood Tyrant,1
Rise of the Witch-King,1
Hornet Queen,1
Archpriest of Shadows,1
Breach the Multiverse,1
Invasion of Amonkhet // Lazotep Convert,1
Neyal // Suns' Vanguard,1
Tyvar // Jubilant Brawler (Borderless),1
Fact or Fiction,1
Geth // Lord of the Vault (Retro Frame),1
Overwhelming Remorse,1
Exotic Orchard,1
Farseek,1
Kagha // Shadow Archdruid (Showcase),1
Captain N'ghathrod,1
Consuming Aberration,1
Extract from Darkness,1
Sunken Hollow,1
Dreadhound,1
Dread Summons,1
Old Stickfingers,1
Fractured Sanity,1
Timeless Witness,1
Millikin,1
Myriad Landscape,1
Deranged Assistant,1
Murkfiend Liege,1
Sepulchral Primordial,1
Skull Prophet,1
Gyruda // Doom of Depths,1
Mulldrifter,1
Nemesis of Reason,1
Didn't Say Please,1
Return to Nature,1
Golgari Charm,1
Dreamborn Muse,1
Dimir Aqueduct,1
Fleet Swallower,1
Winds of Rebuke,1
Mardu Ascendancy,1
Ghostly Flicker,1
